{
    "name": "object",
    "roles": [
        "object"
    ],
    "lookups": [
        "free-text",
        "keywords"
    ],
    "keywords": [
        {
            "keyword": "box",
            "synonyms": [
                "box"
            ]
        },
        {
            "keyword": "camera",
            "synonyms": [
                "camera"
            ]
        },
        {
            "keyword": "chair",
            "synonyms": [
                "chair"
            ]
        },
        {
            "keyword": "dresser",
            "synonyms": [
                "dresser"
            ]
        },
        {
            "keyword": "flower",
            "synonyms": [
                "flower"
            ]
        },
        {
            "keyword": "lamp",
            "synonyms": [
                "lamp"
            ]
        },
        {
            "keyword": "microwave oven",
            "synonyms": [
                "microwave oven"
            ]
        },
        {
            "keyword": "table",
            "synonyms": [
                "table"
            ]
        },
        {
            "keyword": "toycar",
            "synonyms": [
                "toycar"
            ]
        }
    ]
}
