{
    "utterances": [
        {
            "text": "Open the menu",
            "entities": [
                {
                    "entity": "ui:ui",
                    "start": 9,
                    "end": 13,
                    "body": "menu",
                    "entities": []
                }
            ],
            "traits": [],
            "intent": "open__the"
        },
        {
            "text": "Open the option",
            "entities": [
                {
                    "entity": "ui:ui",
                    "start": 9,
                    "end": 15,
                    "body": "option",
                    "entities": []
                }
            ],
            "traits": [],
            "intent": "open__the"
        },
        {
            "text": "create table",
            "entities": [
                {
                    "entity": "object:object",
                    "start": 7,
                    "end": 12,
                    "body": "table",
                    "entities": []
                }
            ],
            "traits": [],
            "intent": "create"
        },
        {
            "text": "open the menu",
            "entities": [
                {
                    "entity": "ui:ui",
                    "start": 9,
                    "end": 13,
                    "body": "menu",
                    "entities": []
                }
            ],
            "traits": [],
            "intent": "open__the"
        },
        {
            "text": "open the option",
            "entities": [
                {
                    "entity": "ui:ui",
                    "start": 9,
                    "end": 15,
                    "body": "option",
                    "entities": []
                }
            ],
            "traits": [],
            "intent": "open__the"
        },
        {
            "text": "passthrough on",
            "entities": [
                {
                    "entity": "onoff:onoff",
                    "start": 12,
                    "end": 14,
                    "body": "on",
                    "entities": []
                }
            ],
            "traits": [],
            "intent": "passthrough"
        }
    ]
}
